Index,Ground Truth,Original Prediction,Benign Prediction,Melanoma Prediction
0,0.0,0.17683366,0.03921645,0.7053972
1,0.0,0.44677827,0.33409375,0.78546196
2,1.0,0.960726,0.62856936,0.96188104
3,0.0,0.19886947,0.9589062,0.88830173
4,1.0,0.98259705,0.99800295,0.99043113
5,0.0,0.0017717758,0.0045885113,0.6958934
6,0.0,0.082261,0.033421967,0.7392205
7,0.0,0.9427556,0.8298918,0.981437
8,0.0,0.33348212,0.88532984,0.9632183
9,0.0,0.09420367,0.18770061,0.85143286
10,0.0,0.8896146,0.9554648,0.6525922
11,0.0,0.9384048,0.5226017,0.97114885
12,1.0,0.9544263,0.73983186,0.52845407
13,0.0,0.91967285,0.8893009,0.8171423
14,0.0,0.6151549,0.7644954,0.9291165
15,0.0,0.82799494,0.110607296,0.52460945
16,0.0,0.9669922,0.89575857,0.91743636
17,0.0,0.923438,0.8656823,0.9329822
18,0.0,0.5196875,0.10723033,0.9445666
19,0.0,0.9559343,0.52436274,0.98598874
20,0.0,0.96974295,0.91127914,0.9117746
21,1.0,0.93167937,0.90309095,0.7800317
22,0.0,0.9416909,0.95236194,0.8291596
23,0.0,0.98738456,0.8774264,0.9575311
24,0.0,0.8517865,0.13079585,0.9935149
25,1.0,0.4818223,0.9687556,0.880777
26,0.0,0.031854957,0.90557194,0.9509612
27,0.0,0.8400713,0.9528844,0.7258658
28,1.0,0.49631107,0.9460422,0.8023755
29,1.0,0.97427636,0.95600146,0.87517285
30,1.0,0.98501486,0.96838355,0.7572155
31,0.0,0.9308378,0.9195739,0.9802027
32,0.0,0.8983176,0.066161856,0.884575
33,1.0,0.5391011,0.5371978,0.9849145
34,1.0,0.9932696,0.63061565,0.95831054
35,0.0,0.80231106,0.06848594,0.8803889
36,0.0,0.9961494,0.961346,0.9911117
37,0.0,0.94586074,0.25389755,0.68315107
38,1.0,0.46157163,0.01337559,0.7297375
39,0.0,0.0062712096,0.036676567,0.8117585
40,0.0,0.075606614,0.06288477,0.9454699
41,1.0,0.8319345,0.01041822,0.9617705
42,0.0,0.4461435,0.46485683,0.94501555
43,0.0,0.42614636,0.9213477,0.5529486
44,1.0,0.9670553,0.033931755,0.8938775
45,0.0,0.582102,0.6883352,0.9420035
46,0.0,0.0029272037,0.6180851,0.77497685
47,1.0,0.9905607,0.99112564,0.9845798
48,0.0,0.978562,0.97744954,0.9833634
49,0.0,0.92575103,0.9392459,0.99315965
50,0.0,0.6877507,0.6203109,0.97808594
51,0.0,0.9042344,0.3429397,0.9916517
52,1.0,0.9233015,0.60529214,0.91830844
53,0.0,0.039087225,0.8730162,0.9490125
54,1.0,0.9730381,0.98531806,0.9749912
55,0.0,0.68795735,0.95266783,0.9749084
56,0.0,0.93671095,0.9274672,0.97805846
57,0.0,0.45475677,0.65477204,0.96314293
58,0.0,0.60338974,0.010354163,0.92264134
59,0.0,0.7766219,0.12077593,0.98025805
60,0.0,0.26898918,0.7027659,0.7220743
61,0.0,0.73829645,0.5404264,0.85080653
62,0.0,0.87543863,0.83735776,0.9317638
63,0.0,0.8869175,0.90416133,0.9437688
64,0.0,0.9151182,0.927875,0.96314925
65,0.0,0.21478511,0.58524734,0.9845658
66,0.0,0.70285857,0.40362605,0.8668413
67,0.0,0.63015985,0.038460206,0.73689723
68,0.0,0.43118083,0.08216253,0.99435306
69,0.0,0.8925677,0.77986294,0.7505107
70,0.0,0.021920951,0.018007597,0.068738036
71,1.0,0.9306558,0.137246,0.8048209
72,0.0,0.9676509,0.92556006,0.9560288
73,1.0,0.9225831,0.0857412,0.391443
74,1.0,0.9148476,0.8969664,0.22819676
75,0.0,0.93627924,0.55707276,0.7244015
76,0.0,0.10258281,0.25771198,0.741472
77,0.0,0.7550363,0.98268384,0.9632575
78,0.0,0.06646006,0.20181179,0.8368132
79,0.0,0.9336579,0.34742817,0.7646759
80,0.0,0.80630016,0.61823326,0.93946636
81,0.0,0.22130255,0.11050452,0.9443157
82,0.0,0.45026547,0.022275256,0.8474914
83,0.0,0.10759026,0.14964943,0.5040549
84,0.0,0.07894501,0.966421,0.88863444
85,0.0,0.30456394,0.96803766,0.9729101
86,0.0,0.009450788,0.90466565,0.99262756
87,0.0,0.005134917,0.023226326,0.7837532
88,0.0,0.0071172286,0.9466872,0.69252425
89,0.0,0.007074737,0.008811988,0.8651196
90,0.0,0.12395268,0.47111386,0.93890244
91,0.0,0.0037539063,0.56594974,0.84842765
92,0.0,0.75022215,0.9381734,0.9411601
93,0.0,0.0020181187,0.07047036,0.9839176
94,0.0,0.99516064,0.15276504,0.95529425
95,0.0,0.0026483599,0.83887196,0.96364224
96,0.0,0.08091474,0.31082284,0.6462489
97,0.0,0.002129888,0.7885668,0.78817743
98,0.0,0.53693527,0.62414074,0.9390664
99,0.0,0.95446473,0.7214264,0.8700962
100,0.0,0.22966945,0.09128301,0.9489866
101,0.0,0.8705031,0.043627128,0.9530817
102,0.0,0.6840444,0.79567915,0.8131033
103,0.0,0.12509453,0.31433252,0.98174274
104,0.0,0.89900964,0.6057019,0.8270998
105,0.0,0.91771954,0.9699415,0.7155601
106,0.0,0.66379076,0.2762312,0.7431347
107,0.0,0.0011433684,0.0049159466,0.88425285
108,0.0,0.1176831,0.6652983,0.9785088
109,0.0,0.9566998,0.1330475,0.98324376
110,0.0,0.89449906,0.9861501,0.8557966
111,0.0,0.007666912,0.77695477,0.9591771
112,0.0,0.5433973,0.64206916,0.947802
113,0.0,0.0028094705,0.91231304,0.9851237
114,0.0,0.032989737,0.9190239,0.9872164
115,0.0,0.003313216,0.025126906,0.9498282
116,0.0,0.7312361,0.53525454,0.935735
117,0.0,0.38606268,0.0013949262,0.65068454
118,0.0,0.45892373,0.06498789,0.8220693
119,0.0,0.52252287,0.63599753,0.71028155
120,0.0,0.01304958,0.89075315,0.97718006
121,0.0,0.37621623,0.71821356,0.93140906
122,0.0,0.90645975,0.26108187,0.7262497
123,0.0,0.17159672,4.0613315e-05,0.9290165
124,0.0,0.2069201,0.9640892,0.9099196
125,0.0,0.9648707,0.9469912,0.9423631
126,0.0,9.693933e-06,0.5919203,0.68028164
127,0.0,0.70669526,0.15973143,0.6801288
128,0.0,0.7726855,0.9707681,0.97548
129,0.0,0.96330607,0.84066015,0.7734242
130,0.0,0.30693844,0.4713318,0.92570317
131,1.0,0.5873097,0.8100443,0.94373345
132,1.0,0.9816451,0.6949386,0.9459067
133,1.0,0.8148775,0.90093565,0.9680944
134,1.0,0.89949834,0.080087185,0.43486267
135,1.0,0.6857602,0.0064073685,0.9216724
136,1.0,0.3691286,0.14797226,0.5544371
137,1.0,0.49316895,0.1332475,0.9324781
138,1.0,0.94371825,0.3121035,0.94837326
139,1.0,0.28888476,0.22222847,0.9893329
140,1.0,0.89638275,0.56075203,0.9549244
141,1.0,0.9584462,0.80640197,0.99560577
142,1.0,0.88195527,0.8731911,0.98702174
143,1.0,0.9339112,0.8101265,0.9785564
144,1.0,0.9881579,0.78675777,0.9981939
145,1.0,0.9664121,0.09456212,0.92766535
146,1.0,0.51735634,0.40622026,0.8237279
147,1.0,0.55367774,0.3102519,0.8533214
148,1.0,0.3010875,0.5698782,0.8872721
149,1.0,0.13750121,0.117004536,0.7336416
150,1.0,0.9821389,0.93730205,0.9815152
151,1.0,0.7368497,0.0890243,0.6275225
152,1.0,0.88110816,0.883316,0.9536289
153,1.0,0.11805903,0.052354235,0.06855581
154,1.0,0.81899095,0.012664837,0.89274806
155,1.0,0.097772375,0.12506567,0.0030654038
156,1.0,0.81509846,0.68104374,0.96301955
157,1.0,0.7793562,0.03133341,0.7196234
158,1.0,0.888248,0.00860612,0.93781793
159,1.0,0.9123328,0.82764137,0.8784339
160,1.0,0.66228324,0.9791229,0.96025574
161,1.0,0.17689723,0.040300094,0.5776605
162,1.0,0.9886641,0.7931829,0.96751124
163,1.0,0.9747404,0.6416092,0.94816864
164,1.0,0.6804487,0.16152562,0.81274563
165,1.0,0.80210644,0.9282521,0.9294641
166,0.0,0.00016007379,0.0054938137,0.67052627
167,0.0,0.076482415,0.0054040435,0.6584779
168,0.0,0.1839324,0.474831,0.5361034
169,0.0,0.58322996,0.015031045,0.015995242
170,0.0,0.94243467,0.6204456,0.94982713
171,0.0,0.104722776,0.043113377,0.7984333
172,0.0,0.11630872,0.046801295,0.90974957
173,0.0,0.010133931,0.002585557,0.83769894
174,0.0,0.23813057,0.1518941,0.9417005
175,0.0,0.55235916,0.12246022,0.57428306
176,0.0,0.04286612,0.00044341348,0.8484901
177,0.0,0.27897286,0.36828628,0.98544204
178,0.0,0.0048291027,0.0017795921,0.66275805
179,0.0,0.43397376,0.20190372,0.8402489
180,0.0,0.120372064,0.02212419,0.9512154
181,0.0,0.026369037,0.9651931,0.8008634
182,0.0,0.038571745,0.026255215,0.22944866
183,0.0,0.041809645,0.3461603,0.71860653
184,0.0,0.025432406,0.23255268,0.73660886
185,0.0,0.7410409,0.2550453,0.16097178
186,0.0,0.12183062,0.023115767,0.011973576
187,0.0,0.09581885,0.3048287,0.27453926
188,0.0,0.93721586,0.70098275,0.95524496
189,0.0,0.5047937,0.71925557,0.9330755
190,0.0,0.60389364,0.714279,0.9826849
191,0.0,0.8067472,0.98406583,0.98133457
192,0.0,0.15833478,0.029021086,0.048864447
193,0.0,0.8384058,0.73383033,0.9719858
194,0.0,0.8434676,0.76191074,0.98477596
195,0.0,0.045271926,0.0037387349,0.8432985
196,0.0,0.00024233795,0.020055307,0.42137998
197,0.0,0.062351827,0.0951677,0.79307663
198,0.0,0.8427426,0.4113889,0.8736229
199,0.0,0.9513003,0.71698564,0.93299764
200,0.0,0.022864997,0.23202683,0.03592501
201,0.0,0.76987433,0.6994527,0.8516982
202,0.0,0.79650795,0.58064705,0.9962708
203,0.0,0.7585596,0.36113864,0.9821983
204,0.0,0.022684049,0.062195227,0.3538754
205,0.0,0.18957531,0.07311075,0.9676204
206,0.0,0.1170664,0.3708788,0.55848575
207,0.0,0.15248902,0.5156011,0.4490268
208,0.0,0.27699226,0.2902834,0.936957
209,0.0,0.17609248,0.06595351,0.98136073
210,0.0,0.36861044,0.17849092,0.96781534
211,0.0,0.037718423,0.6091751,0.011512923
212,0.0,0.061671507,0.017598173,0.81754094
213,0.0,0.014532915,0.1066674,0.07624101
214,0.0,0.15586798,0.059149936,0.7941787
215,0.0,0.42595544,0.10958735,0.8921425
216,0.0,0.72384846,0.07446693,0.91308016
217,0.0,0.16360445,0.09951466,0.7914841
218,0.0,0.21955596,0.16645648,0.099436395
219,0.0,0.3210179,0.41217825,0.829042
220,0.0,0.017760757,0.09147463,0.9270596
221,0.0,0.052958142,0.0906275,0.8710166
222,0.0,0.9749936,0.6698963,0.84240276
223,0.0,0.52074707,0.26010147,0.98936826
224,0.0,0.9013666,0.9352007,0.5548293
225,0.0,0.95030624,0.7859418,0.97466063
226,0.0,0.34822655,0.787813,0.5571511
227,0.0,0.9878735,0.95832336,0.9901995
228,0.0,0.93052804,0.959916,0.98916465
229,0.0,0.6377735,0.95535344,0.4631433
230,0.0,0.725876,0.94363874,0.95994234
231,0.0,0.016558005,0.015140993,0.15843831
232,0.0,0.96061677,0.94557464,0.88200766
233,0.0,0.010069465,0.0037888398,0.8816945
234,0.0,0.282915,0.19907087,0.8339225
235,0.0,0.96900284,0.80015165,0.9158287
236,0.0,0.106682464,0.42419976,0.67706
237,0.0,0.05682366,0.7658324,0.30492178
238,0.0,0.522489,0.83628035,0.7498722
239,0.0,0.56681395,0.046993967,0.88679934
240,0.0,0.99688053,0.5547456,0.9627717
241,0.0,0.9155176,0.99002457,0.98278457
242,0.0,0.0041870046,0.037511665,0.6628214
243,0.0,0.78833646,0.5430873,0.9887572
244,0.0,0.0017981182,0.48769012,0.53964055
245,0.0,0.6995151,0.016949082,0.28408605
246,0.0,0.82081836,0.5495718,0.76514256
247,0.0,0.010535472,0.16457343,0.67438626
248,0.0,0.00046122118,0.75797737,0.9329053
249,0.0,0.9436523,0.86680055,0.875783
250,0.0,0.273607,0.68782884,0.53473866
251,0.0,0.48396808,0.49488103,0.80956435
252,0.0,0.9736742,0.8493827,0.16415514
253,1.0,0.73492146,0.5035188,0.87725425
254,1.0,0.956291,0.46122324,0.70164114
255,1.0,0.2103365,0.14307731,0.6792877
256,1.0,0.80726695,0.15923391,0.94885844
257,1.0,0.99985623,0.8416891,0.7756581
258,1.0,0.9854499,0.50704825,0.15420417
259,1.0,0.9839392,0.16742526,0.9757135
260,1.0,0.9161211,0.66503197,0.9423998
261,1.0,0.96888185,0.8872708,0.9048184
262,1.0,0.8098846,0.8879717,0.98441595
263,1.0,0.058135964,0.01721368,0.90678537
264,1.0,0.9941943,0.83263254,0.99800307
265,1.0,0.10561293,0.11856248,0.8291829
266,1.0,0.9550367,0.45738727,0.83418965
267,1.0,0.9578235,0.07311238,0.9030077
268,1.0,0.9531373,0.83947384,0.9697232
269,1.0,0.63299143,0.018378556,0.59705627
270,1.0,0.70583516,0.0074591036,0.9387271
271,1.0,0.9726219,0.97747165,0.7436417
272,1.0,0.30063587,0.0670727,0.845021
273,1.0,0.5466001,0.20941246,0.4897479
274,1.0,0.98485655,0.8149326,0.8432302
275,1.0,0.9472829,0.5967928,0.6198034
276,1.0,0.05029774,0.16971993,0.8517508
277,1.0,0.9534754,0.42252377,0.9481714
278,1.0,0.88732696,0.0066627716,0.8846016
279,1.0,0.36321506,0.741451,0.69772863
280,1.0,0.005423475,0.004130326,0.43824878
281,1.0,0.76523185,0.16304338,0.78880125
282,0.0,0.67247677,0.0044538286,0.60205436
283,0.0,0.13872653,0.007628156,0.10298736
284,0.0,0.08771753,0.0016289458,0.016074434
285,0.0,0.03206619,0.6882949,0.92264885
286,0.0,0.11716916,0.11565819,0.93003684
287,0.0,0.011591996,0.01006058,0.7828088
288,0.0,0.35741848,0.86865616,0.7260699
289,0.0,0.00012658558,0.0004947308,0.60514927
290,0.0,0.67132777,0.09848884,0.8233086
291,0.0,0.12739694,0.005870128,0.9190068
292,0.0,0.21402681,0.0064269546,0.88879585
293,0.0,0.05339323,0.011650798,0.4936807
294,0.0,0.0017987518,1.1956281e-05,0.004365604
295,0.0,0.34434482,0.04016304,0.81820935
296,0.0,0.0013093562,0.05524711,0.7700153
297,0.0,0.13157308,0.08589166,0.69713545
298,0.0,0.0008516086,0.0022213398,0.39122963
299,0.0,0.01126483,0.014862636,0.38230193
300,0.0,0.53324336,0.72890925,0.8646766
301,0.0,0.9425795,0.03530292,0.81393653
302,0.0,0.81888926,0.008863066,0.31351635
303,0.0,0.6614715,0.08548941,0.8058464
304,0.0,0.07378675,0.019080285,0.9121207
305,0.0,0.0013643308,0.06668006,0.61540747
306,0.0,0.007370108,0.011025102,0.28701428
307,0.0,0.8935522,0.9888024,0.824109
308,0.0,0.08599523,0.3360666,0.9189284
309,0.0,0.065280885,0.42785653,0.61634713
310,0.0,0.03604459,0.39187053,0.746826
311,0.0,0.13155231,0.0835083,0.2719522
312,0.0,0.13131885,0.49123222,0.60151553
313,0.0,0.063936755,0.012648594,0.7616549
314,0.0,0.00664649,0.036034204,0.5175249
315,0.0,0.06642681,0.09789436,0.5756883
316,0.0,0.032688174,0.63832575,0.5373578
317,0.0,0.008308397,0.48474017,0.82754326
318,0.0,0.10386308,0.1114857,0.98090106
319,0.0,0.10974648,0.00022348964,0.0481271
320,0.0,0.039249104,4.9979928e-05,0.22034076
321,0.0,0.016712341,0.00736418,0.31646785
322,0.0,0.02579411,0.8408868,0.9552465
323,0.0,0.42998797,0.5586815,0.2645539
324,0.0,0.37066895,0.8023872,0.74031013
325,0.0,0.9129649,0.0237876,0.6291823
326,0.0,0.027938403,0.6959587,0.7896821
327,0.0,0.00048820136,0.0068263663,0.54794765
328,0.0,0.011259405,0.013648197,0.8184736
329,0.0,0.0042316555,0.011383207,0.79027474
330,0.0,0.3108024,0.47190133,0.9533701
331,0.0,0.07290072,0.114859425,0.7998552
332,0.0,0.21392657,0.004446959,0.8687748
333,0.0,0.05503512,0.930783,0.8713845
334,0.0,0.023792295,0.0042823846,0.49423093
335,0.0,0.50355715,0.00045926607,0.4802812
336,0.0,0.05716531,0.0035316546,0.8897658
337,0.0,0.63799924,0.9631701,0.92273337
338,0.0,0.8332621,0.7105127,0.73736066
339,0.0,0.9674943,0.9804332,0.9818262
340,0.0,0.28167975,0.96700895,0.9911849
341,0.0,0.97208697,0.9773446,0.6689432
342,0.0,0.9969151,0.7066511,0.30676556
343,0.0,0.7309365,0.9067699,0.97427565
344,0.0,0.89916754,0.18835427,0.8024802
345,0.0,0.75499403,0.8481278,0.8752995
346,0.0,0.6143237,0.9582208,0.89437616
347,0.0,0.8637125,0.060554042,0.697384
348,0.0,0.035763383,0.7961917,0.8885038
349,1.0,0.9582893,0.97125906,0.99094874
350,0.0,0.843676,0.84213716,0.64314675
351,0.0,0.018807959,0.011249673,0.15796009
352,1.0,0.9950145,0.73247623,0.65210456
353,1.0,0.98536795,0.9766632,0.61543685
354,0.0,0.78639466,0.97686064,0.6439917
355,0.0,0.58331144,0.68817514,0.4150129
356,0.0,0.23770788,0.08912559,0.17341669
357,0.0,0.67330515,0.9468248,0.14351659
358,0.0,0.9997042,0.9798766,0.9813758
359,0.0,0.51599324,0.0044144946,0.8178083
360,1.0,0.88930756,0.592327,0.7465754
361,1.0,0.9149316,0.94938165,0.9846175
362,1.0,0.9722633,0.12712678,0.13938971
363,1.0,0.92271847,0.21954362,0.9079406
364,0.0,0.96753913,0.8852428,0.9498244
365,0.0,0.966475,0.2168006,0.39605147
366,0.0,0.92857367,0.9765055,0.9645189
367,1.0,0.9476472,0.91894007,0.9177117
368,0.0,0.57275915,0.5946817,0.98004353
369,0.0,0.1780793,0.6148423,0.9551128
370,0.0,0.021112854,0.71653295,0.515495
371,0.0,0.9143569,0.4028253,0.99186206
372,0.0,0.7941555,0.2587787,0.9046523
373,0.0,0.9438163,0.8496195,0.7018972
374,0.0,0.9699528,0.99408287,0.9457678
375,1.0,0.21304701,0.3909725,0.9619639
376,0.0,0.81663483,0.7906927,0.9296007
377,0.0,0.0900054,0.016814757,0.6218236
378,0.0,0.28806868,0.8428778,0.5401492
379,0.0,0.00014463438,0.0019489727,0.75822145
380,1.0,0.9867748,0.8843651,0.82716364
381,1.0,0.9487787,0.7544021,0.9053692
382,0.0,0.007870694,0.24814709,0.570858
383,0.0,0.87612134,0.91971993,0.90296304
384,0.0,0.00070530333,0.7265749,0.9280988
385,0.0,0.02847991,0.6904614,0.84773165
386,0.0,0.95073414,0.8553838,0.71989447
387,0.0,0.88611746,0.8027503,0.97336215
388,0.0,0.8883008,0.8136466,0.93742085
389,0.0,0.8896295,0.42587575,0.17180793
390,0.0,0.12129051,0.89088947,0.968731
391,0.0,0.7167889,0.78870475,0.92732626
392,0.0,0.10062317,0.82768065,0.8959481
393,0.0,0.07795305,0.8620006,0.89132404
394,1.0,0.7971942,0.87964344,0.94957864
395,0.0,0.7259034,0.9380956,0.9793224
396,1.0,0.65148574,0.62494475,0.91819036
397,0.0,0.63420886,0.99209493,0.9962197
398,0.0,0.71546525,0.9106202,0.99088305
399,1.0,0.92488754,0.94979364,0.96803164
400,0.0,0.7671635,0.91009253,0.93262565
401,0.0,0.5343624,0.8200365,0.8120737
402,0.0,0.91766,0.69020253,0.9069335
403,0.0,0.22819172,0.95407903,0.9877415
404,0.0,0.731562,0.7480815,0.96681935
405,0.0,0.19417234,0.6558923,0.92541647
406,0.0,0.0045755776,0.8344685,0.95183355
407,0.0,0.99551904,0.9767982,0.9944659
408,0.0,0.8068332,0.97107047,0.90147704
409,0.0,0.20544188,0.027057473,0.8441471
410,0.0,0.9671496,0.9844099,0.99059594
411,1.0,0.96686715,0.7626102,0.96192825
412,0.0,0.09088552,0.8602908,0.96564686
413,1.0,0.9282327,0.9790157,0.98040146
414,0.0,0.38566712,0.94873697,0.9951008
415,0.0,0.4220125,0.47187874,0.91009486
416,1.0,0.7928134,0.94332,0.97984445
417,0.0,0.014230583,0.9710869,0.81327295
418,0.0,0.025819024,0.27483696,0.79870903
419,0.0,0.82728344,0.25257638,0.93490946
420,0.0,0.9270389,0.8490908,0.9747301
421,0.0,0.973738,0.11455567,0.83916897
422,0.0,0.41204438,0.99109334,0.98281974
423,0.0,0.5350882,0.94462836,0.96175325
424,0.0,0.89732903,0.591993,0.5829435
425,0.0,0.98830086,0.89404213,0.96679604
426,0.0,0.8623971,0.9869691,0.99626714
427,0.0,0.026881905,0.43255454,0.9701263
428,0.0,0.7290286,0.9550016,0.9546987
429,0.0,0.012394473,0.17528781,0.99128026
430,0.0,0.21516788,0.95021755,0.9933507
431,0.0,0.036020737,0.8606561,0.97423786
432,0.0,0.9708964,0.010950153,0.92978543
433,0.0,0.45741752,0.92358524,0.9735868
434,0.0,0.70637476,0.78876543,0.9500754
435,0.0,0.87800103,0.014173444,0.91838413
436,0.0,0.89121115,0.96824205,0.9600817
437,0.0,0.31211352,0.012047125,0.9318971
438,1.0,0.95881605,0.94440323,0.9883487
439,1.0,0.87927806,0.70999515,0.9145393
440,0.0,0.2863856,0.0335898,0.87445384
441,0.0,0.08418105,0.9446102,0.94114786
442,1.0,0.5791677,0.37963018,0.7180951
443,1.0,0.5577429,0.97347724,0.9856464
444,1.0,0.8876702,0.8146245,0.9764115
445,1.0,0.9927533,0.9567964,0.94617885
446,1.0,0.95908695,0.10896457,0.9825879
447,1.0,0.99421966,0.95423627,0.9935283
448,1.0,0.92984575,0.9865328,0.9664737
449,0.0,0.22139566,0.7356048,0.9828987
450,0.0,0.5467266,0.39019594,0.7334275
451,0.0,0.030117895,0.6149118,0.9745429
452,0.0,0.027370889,0.7009784,0.97974455
453,0.0,0.7064645,0.9564293,0.88949317
454,0.0,0.94835687,0.98656785,0.98945135
455,0.0,0.37675512,0.93720865,0.9809918
456,1.0,0.95146745,0.834466,0.9301492
457,0.0,0.87289435,0.70019525,0.92544556
458,1.0,0.59257215,0.7313612,0.86342794
459,0.0,0.008743218,0.85877573,0.9404932
460,0.0,0.66813827,0.18516822,0.9294244
461,0.0,0.28569812,0.50791216,0.9063551
462,0.0,0.90725476,0.97615474,0.90935636
463,0.0,0.12287628,0.601518,0.4946585
464,0.0,0.039296195,0.04021747,0.7920885
465,0.0,0.9830549,0.9418382,0.98275006
466,0.0,0.6197785,0.7063284,0.97423494
467,0.0,0.21767375,0.9185175,0.9661084
468,0.0,0.9874478,0.9384719,0.9808482
469,0.0,0.94434434,0.9381109,0.99136895
470,0.0,0.110857785,0.4556076,0.9854848
471,0.0,0.09486071,0.07654539,0.973031
472,1.0,0.9889804,0.94765306,0.97870797
473,1.0,0.9371961,0.97936755,0.614599
474,1.0,0.8859416,0.97291565,0.9947929
475,1.0,0.8935941,0.7169392,0.98475075
476,1.0,0.9857739,0.98262686,0.9933429
477,1.0,0.98862284,0.9938392,0.9886629
478,1.0,0.9253819,0.006476192,0.97876096
479,1.0,0.3958909,0.33507577,0.93482226
480,0.0,0.42164382,0.702235,0.9815781
481,0.0,3.7733116e-05,0.83624333,0.85769975
482,0.0,3.022172e-08,0.94162166,0.56918794
483,0.0,0.027253056,0.85752386,0.36511633
484,1.0,0.95222825,0.92371887,0.956368
485,1.0,0.9510356,0.966644,0.9778325
486,1.0,0.7307967,0.6385532,0.8367769
487,1.0,0.92047024,0.93790966,0.83687997
488,1.0,0.928217,0.46396303,0.7770266
489,1.0,0.98805225,0.9772141,0.98289204
490,1.0,0.5059507,0.2795781,0.070790224
491,1.0,0.8927719,0.9799344,0.9580306
492,1.0,0.9665531,0.16681664,0.94612575
493,1.0,0.9851114,0.49229783,0.8448317
494,1.0,0.72094154,0.51171637,0.9425273
495,1.0,0.9328611,0.6613281,0.33781824
496,1.0,0.22468099,0.4819118,0.051467434
497,1.0,0.9989949,0.91985554,0.34770507
498,1.0,0.9917058,0.75202495,0.9544582
499,1.0,0.9948715,0.11565745,0.35836726
500,0.0,0.0029385288,0.011270707,0.26584587
501,0.0,2.2703509e-05,0.7701626,0.59192353
502,0.0,3.5049383e-05,0.9103018,0.9428394
503,0.0,0.00041773962,0.016057601,0.95709443
504,0.0,6.0688082e-05,0.6590087,0.942208
505,0.0,2.048095e-06,0.9624637,0.97411954
506,0.0,2.3796527e-08,0.922687,0.97119665
507,0.0,1.263217e-05,0.32877728,0.91016304
508,0.0,0.00015098031,0.04340733,0.71194744
509,0.0,0.004297476,0.919314,0.94877326
510,0.0,0.00089377636,0.9800929,0.7004663
511,0.0,1.5597728e-07,0.53513634,0.7438325
512,0.0,0.00030546423,0.47393286,0.8582992
513,0.0,0.00015994928,0.20557559,0.23388177
514,0.0,3.1943986e-07,0.9544014,0.994148
515,0.0,2.5785072e-05,0.9415488,0.1594494
516,0.0,1.8646251e-05,0.03493972,0.79559404
517,0.0,0.000106022984,0.9580104,0.99129194
518,0.0,2.0633455e-05,0.30050114,0.14451367
519,0.0,1.7066657e-05,0.60811085,0.17500147
520,0.0,0.014422086,0.1143819,0.6088012
521,0.0,2.96752e-07,0.8294617,0.8635527
522,0.0,1.2374708e-08,0.7419658,0.961221
523,0.0,0.0013642604,0.8917738,0.5447819
524,0.0,0.001229373,0.95596445,0.97028637
525,0.0,0.00043602692,0.077247165,0.22543523
526,0.0,0.0008608432,0.9922416,0.98810965
527,0.0,0.0052288594,0.7027606,0.88894457
528,0.0,1.8319324e-06,0.13075234,0.8361707
529,0.0,1.00193076e-10,0.28098637,0.65614027
530,0.0,1.9748548e-05,0.9502739,0.75066215
531,0.0,2.5857515e-05,0.9708064,0.37259364
532,0.0,0.00017486702,0.2019843,0.94779634
533,0.0,2.7913634e-06,0.52716815,0.8828469
534,0.0,2.3860002e-07,0.040796388,0.5559259
535,0.0,1.7871007e-05,0.9254279,0.8318769
536,0.0,0.9586583,0.8305438,0.84470206
537,0.0,0.9033371,0.21772085,0.9646318
538,0.0,1.1197905e-05,0.8144852,0.43835044
539,0.0,8.463967e-07,0.30849293,0.99548054
540,0.0,1.0283863e-05,0.71297693,0.97329134
541,0.0,0.00011130739,0.91372675,0.86265886
542,0.0,0.013823731,0.80319655,0.34724241
543,0.0,0.00096657744,0.07177832,0.9575337
544,0.0,5.5598616e-06,0.21115424,0.7540423
545,0.0,1.1488627e-06,0.11119855,0.8800553
546,0.0,4.1984827e-06,0.075957,0.57304966
547,0.0,2.8977416e-09,0.9618387,0.9084853
548,0.0,0.0010489019,0.90718216,0.936649
549,0.0,1.2249543e-08,0.23039804,0.9770743
550,0.0,4.3215634e-05,0.021866586,0.8669044
551,0.0,0.007812617,0.032212697,0.972638
552,0.0,5.0757385e-06,0.5272468,0.73264754
553,0.0,9.226638e-09,0.9655474,0.98666686
554,0.0,2.4181118e-05,0.93760294,0.92135143
555,0.0,3.0849133e-06,0.5966241,0.55923986
556,0.0,0.006057737,0.017959319,0.76221365
557,0.0,7.4065785e-05,0.54870677,0.4989512
558,0.0,8.695418e-05,0.93023604,0.14539996
559,0.0,0.054890428,0.7744803,0.91282123
560,0.0,0.11842922,0.027188243,0.6966052
561,0.0,0.010639321,0.94295764,0.97415394
562,0.0,0.002662796,0.00081740384,0.030536154
563,0.0,7.263874e-05,0.75329304,0.9681234
564,0.0,3.9463578e-07,0.63064855,0.5995792
565,0.0,0.15118112,0.002671712,0.18714575
566,0.0,0.00014391118,0.005866442,0.94891727
567,0.0,0.015506952,0.9708792,0.8755991
568,0.0,7.6259187e-07,0.12692392,0.9292169
569,0.0,0.01294933,0.17742552,0.9968605
570,0.0,3.6328515e-07,0.22513504,0.6740601
571,0.0,4.1385695e-09,0.16016442,0.9111795
572,0.0,1.12412025e-07,0.9983796,0.9154829
573,0.0,0.00048827607,0.26388398,0.79744184
574,0.0,0.16248895,0.22334827,0.9234234
575,0.0,0.07830266,0.10013934,0.97424525
576,0.0,0.012052563,0.88783616,0.9673457
577,0.0,6.65934e-05,0.71417576,0.9985409
578,0.0,0.31341097,0.52120644,0.68744934
579,0.0,0.0061817924,0.039470676,0.51226234
580,0.0,3.614653e-07,0.025331076,0.8374301
581,0.0,4.859698e-07,0.058601826,0.259046
582,0.0,5.101628e-09,0.48557556,0.42948622
583,0.0,2.2571432e-05,0.68271714,0.98205906
584,0.0,1.3378153e-05,0.8366053,0.9601631
585,0.0,8.073242e-05,0.056713644,0.23682106
586,0.0,0.0042631305,0.081253625,0.98578215
587,0.0,1.3330585e-05,0.5792626,0.5724474
588,0.0,0.004327185,0.17670542,0.92844397
589,0.0,0.0033981106,0.49462986,0.9130538
590,0.0,0.18664402,0.90446633,0.829132
591,0.0,0.0017522298,0.68244076,0.7988364
592,0.0,0.11001824,0.9500298,0.75225747
593,0.0,0.01620979,0.97104394,0.60450584
594,0.0,0.12571032,0.29795375,0.9551592
595,0.0,0.03544506,0.06549734,0.950669
596,0.0,0.010649511,0.94167274,0.6029833
597,0.0,3.3949998e-06,0.90447825,0.39105883
598,0.0,1.3041242e-07,0.5350135,0.72714716
599,0.0,1.8308305e-06,0.61873305,0.80347073
600,0.0,4.630748e-07,0.014738658,0.8232577
601,0.0,0.001135938,0.85303605,0.5694327
602,0.0,4.825274e-08,0.14139976,0.89754826
603,0.0,0.0027193746,0.9924765,0.38312936
604,0.0,0.27075416,0.0074000643,0.9687817
605,0.0,0.0042639137,0.039614793,0.98822093
606,0.0,7.618446e-05,0.81925696,0.709927
607,0.0,3.6049905e-06,0.09589416,0.9703423
608,0.0,1.4156095e-06,0.28795812,0.8004062
609,0.0,2.378878e-05,0.96122396,0.43235233
610,0.0,0.020309296,0.2722664,0.5935296
611,0.0,7.945129e-08,0.925673,0.8326725
612,0.0,0.19490235,0.24514242,0.75032306
613,0.0,5.6046805e-08,0.13691926,0.7121026
614,0.0,0.0026609278,0.97045815,0.6427543
615,0.0,6.6465494e-05,0.8657469,0.95310825
616,0.0,3.2318957e-07,0.0015361324,0.037992213
617,0.0,0.032092717,0.44577584,0.99169815
618,0.0,2.5416786e-05,0.41909793,0.97049487
619,0.0,3.379634e-08,0.111044094,0.3634545
620,0.0,1.2059911e-07,0.81955904,0.917584
621,0.0,0.43350214,0.644137,0.9073431
622,0.0,0.0013141993,0.04390648,0.99134517
623,0.0,2.105358e-08,0.9247394,0.5478519
624,0.0,0.0017434449,0.92487156,0.9917066
625,0.0,4.71294e-05,0.03155249,0.8511479
626,0.0,0.00044092434,0.97628945,0.97321284
627,0.0,2.804307e-05,0.31931293,0.2726997
628,0.0,1.4020761e-05,0.32249352,0.82131535
629,0.0,0.11764634,0.1714324,0.9642909
630,0.0,0.0026094797,0.994981,0.8965755
631,0.0,0.0013324888,0.33455142,0.87820464
632,0.0,0.00016568325,0.9862619,0.9065298
633,0.0,0.46813273,0.95477074,0.50230795
634,0.0,0.0013107937,0.99279845,0.8338167
635,0.0,0.00057453424,0.95915306,0.9155611
636,0.0,0.024175283,0.012678462,0.6998829
637,0.0,1.2226478e-06,0.9683726,0.28615955
638,0.0,9.195521e-05,0.006724597,0.8330225
639,0.0,5.7511083e-05,0.94415677,0.81548333
640,0.0,0.0010854757,0.016360221,0.8957296
641,0.0,8.040588e-05,0.639667,0.77047104
642,0.0,1.9051211e-07,0.5687136,0.6099775
643,0.0,1.2342798e-05,0.98338586,0.7242756
644,0.0,0.00060213835,0.79883987,0.96324813
645,0.0,7.126512e-05,0.75553167,0.85898024
646,0.0,0.0015796775,0.7008741,0.6317137
647,0.0,0.048966136,0.41820857,0.92027444
648,0.0,0.00037205446,0.0016758761,0.76090276
649,0.0,0.0008085959,0.012405018,0.87465155
650,0.0,0.51154196,0.67330986,0.9118848
651,0.0,4.258306e-07,0.058925617,0.23545696
652,0.0,1.2640694e-06,0.94724613,0.90180695
653,0.0,0.0011887545,0.89640534,0.948331
654,0.0,0.00014481584,0.10200045,0.979733
655,0.0,6.248788e-08,0.07214027,0.39534405
656,0.0,0.8770913,0.98248154,0.97396505
657,0.0,0.5116645,0.98568183,0.9434647
658,0.0,1.6091662e-05,0.0010057732,0.88412976
659,0.0,0.007487353,0.14190705,0.7123807
660,0.0,5.7156426e-06,0.13613488,0.5881267
661,0.0,0.011475821,0.92730904,0.8173548
662,0.0,1.6934857e-07,0.8675217,0.95618933
663,0.0,0.0018879169,0.9886481,0.9776432
664,0.0,0.002799481,0.00017989811,0.026743304
665,0.0,1.4993897e-06,0.9733889,0.9803359
666,0.0,0.0001825162,0.89531267,0.97407216
667,0.0,0.00018049809,0.56698215,0.9629915
668,0.0,0.5605401,0.2016461,0.95004
669,0.0,0.019639505,0.0043079043,0.9821362
670,0.0,6.109283e-07,0.96234626,0.40886497
671,0.0,9.869842e-05,0.97244173,0.98146904
672,0.0,4.376803e-06,0.9729518,0.84456676
673,0.0,5.0376375e-06,0.06887664,0.8794363
674,0.0,0.0006911953,0.117485955,0.90672284
675,0.0,8.2530685e-05,0.43483865,0.9695174
676,0.0,0.02620181,0.14977756,0.9334213
677,0.0,0.000108893575,0.044424426,0.8542771
678,1.0,0.7983198,0.8318181,0.9264248
679,0.0,0.032912396,0.24832456,0.66621345
680,0.0,0.13406457,0.003445488,0.54929584
681,0.0,0.46770927,0.8749277,0.9261592
682,0.0,0.9857912,0.78494304,0.9780056
683,0.0,0.92768794,0.91884375,0.98832035
684,0.0,0.05911844,0.0006829534,0.09352998
685,0.0,0.9428187,0.3796052,0.9079832
686,0.0,0.42339045,0.06514781,0.42850205
687,0.0,0.87338847,0.25596866,0.8933801
688,0.0,0.36224517,0.040567935,0.12047889
689,0.0,0.7308319,0.89565337,0.8400942
690,1.0,0.8702567,0.9283378,0.97129494
691,0.0,0.7162217,0.22493328,0.91070485
692,0.0,0.9362677,0.023772324,0.85804003
693,0.0,0.7119918,0.65002954,0.49256393
694,0.0,0.0006355143,0.11861686,0.85529685
695,0.0,0.03339465,5.4745677e-05,0.6684966
696,0.0,0.9647299,0.64892876,0.89393353
697,0.0,0.95431125,0.00051955594,0.9359001
698,0.0,0.42830765,0.0036955625,0.862347
699,1.0,0.8669722,0.93754834,0.9926354
700,1.0,0.09453491,0.0024546492,0.2131534
701,0.0,0.993999,0.83107835,0.5589798
702,0.0,0.095430225,0.017938709,0.9161553
703,0.0,0.5684918,0.63193184,0.91866624
704,0.0,0.9942188,0.95584655,0.93895185
705,1.0,0.12826025,0.61238444,0.9384634
706,0.0,0.15386021,0.9249116,0.96150696
707,0.0,0.93983614,0.8720525,0.92725563
708,1.0,0.090322286,0.0054308516,0.18444656
709,0.0,0.6785911,0.002195085,0.109279335
710,0.0,0.95534575,0.15067734,0.96367544
711,0.0,0.013891218,0.3435324,0.92653626
712,0.0,0.05675794,0.028561909,0.86413074
713,0.0,0.96958745,0.6721022,0.6932644
714,1.0,0.98845714,0.8190434,0.8248652
715,0.0,0.37391013,0.002430826,0.5833376
716,0.0,0.092265114,2.6483218e-05,0.070302576
717,0.0,0.21301237,0.020882437,0.94707674
718,0.0,0.06247477,0.03691622,0.77820134
719,0.0,0.15272571,0.049814645,0.5725305
720,1.0,0.105352335,0.3305365,0.53447497
721,0.0,0.10934632,0.13390596,0.6344588
722,0.0,0.000718038,8.403225e-05,0.029169973
723,0.0,0.00020022679,0.0013393423,0.31868532
724,0.0,0.8189639,0.7788592,0.9747833
725,0.0,0.9064897,0.9363781,0.7406099
726,0.0,0.274953,0.05885181,0.53868705
727,1.0,0.21846184,0.67826366,0.8510269
728,0.0,0.60014385,0.8225727,0.9445163
729,0.0,0.0088612735,0.0014479967,0.9380687
730,0.0,0.59084505,0.82579947,0.72556216
731,0.0,0.95160174,0.67795235,0.97413933
732,0.0,0.9891747,0.6028597,0.9363802
733,0.0,0.9688712,0.8207829,0.9800956
734,0.0,0.2793927,0.15235075,0.966973
735,0.0,0.00023761216,0.8403681,0.7569787
736,0.0,0.19454432,0.0004933068,0.9237143
737,0.0,0.13752502,0.1461105,0.6942432
738,0.0,0.90704197,0.69202024,0.15772463
739,0.0,0.90969306,0.01098197,0.14974914
740,0.0,0.9818501,0.43100134,0.6907954
741,0.0,0.9755735,0.72851413,0.95951766
742,0.0,0.91903836,0.0037678936,0.0511812
743,1.0,0.806395,0.9348341,0.9856324
744,0.0,0.2795141,0.94994766,0.9471133
745,0.0,0.9563413,0.82502806,0.96666205
746,0.0,0.43231305,0.0012970582,0.08079285
747,1.0,0.005092208,3.7812479e-06,0.019606275
748,0.0,0.8008716,0.006769209,0.90064204
749,0.0,0.021709457,0.7203082,0.76762956
750,1.0,0.04395201,0.00012208318,0.032343026
751,0.0,0.7268022,0.565316,0.8663868
752,0.0,0.80823827,0.57312953,0.76838374
753,0.0,0.24588546,0.8078945,0.695147
754,0.0,0.4619023,0.007452495,0.72555685
755,0.0,0.7924316,0.6162341,0.98823893
756,0.0,0.44781736,0.8187727,0.9211408
757,0.0,0.9375016,0.8804108,0.9402594
758,0.0,0.90687853,0.9704225,0.8362436
759,0.0,0.19790863,0.6908071,0.93507296
760,0.0,0.89750963,0.13416773,0.82186204
761,1.0,0.042704277,0.5389975,0.14685132
762,0.0,0.8661399,0.010823809,0.36231086
763,0.0,0.9424864,0.0072576706,0.8550179
764,0.0,0.8837789,0.027460592,0.9430397
765,0.0,0.46163797,0.71140575,0.97399795
766,0.0,0.25434387,4.034361e-05,0.47823802
767,0.0,0.7554691,0.51215917,0.95761997
768,0.0,0.15797752,0.021105219,0.5914533
769,0.0,0.06054995,2.5078696e-05,0.019529201
770,0.0,0.5445199,0.8464644,0.86372644
771,0.0,0.900875,0.8328573,0.8957304
772,0.0,0.8569369,0.49793896,0.23272164
773,0.0,0.7507317,0.00019027868,0.398158
774,0.0,0.41617242,0.9498514,0.87226236
775,0.0,0.84467673,0.88317657,0.99494225
776,0.0,0.8154728,0.78779274,0.94719756
777,1.0,0.9970528,0.9212206,0.9705949
778,1.0,0.34243733,0.004904535,0.5783919
779,0.0,0.4521522,0.8798039,0.9354184
780,0.0,0.7904463,0.6702382,0.97913593
781,0.0,0.88051337,0.034737535,0.10698968
782,1.0,0.999468,0.37262762,0.9787987
783,0.0,0.8561288,0.8653322,0.6652288
784,0.0,0.045609724,2.4804736e-05,0.30088192
785,0.0,0.7935149,0.03684324,0.56516725
786,0.0,0.1410825,0.7892329,0.60859686
787,0.0,0.17280068,0.033288237,0.5525199
788,0.0,0.06709451,0.25975585,0.85224324
789,1.0,0.03818496,0.0015284759,0.44165725
790,0.0,0.8342523,0.0001173111,0.053563375
791,0.0,0.56205326,0.0032262988,0.19565222
792,0.0,0.98981386,0.9463415,0.839409
793,1.0,0.2701229,0.00012898228,0.4479877
794,0.0,0.91672254,0.025297495,0.96495324
795,0.0,0.18590534,0.0077754506,0.07823992
796,0.0,0.97705555,0.93294567,0.96102804
797,0.0,0.9596566,0.90961766,0.9585586
798,0.0,0.2346204,0.33829,0.9691691
799,0.0,0.4923225,0.9275539,0.98537016
800,1.0,0.922649,0.61699206,0.94492364
801,1.0,0.16843078,0.102278136,0.8718428
802,0.0,0.30604628,0.003734517,0.90658456
803,0.0,0.08511605,0.73026794,0.9526818
804,1.0,0.463969,0.002483564,0.22771432
805,0.0,0.88748795,0.016329821,0.7458922
806,1.0,0.9798365,0.96510017,0.9322479
807,1.0,0.9960593,0.9810868,0.88353777
808,0.0,0.7436675,0.99067795,0.99300146
809,0.0,0.02766898,0.03636047,0.9897419
810,0.0,0.0074047097,0.014282067,0.16207606
811,0.0,0.4210188,0.015609908,0.99059045
812,0.0,0.38160336,0.21226174,0.98250854
813,0.0,0.036458515,0.0031641556,0.29559425
814,0.0,0.6949031,0.92409873,0.6455821
815,0.0,0.78854173,0.9178639,0.9297229
816,0.0,0.30117023,0.090896994,0.43575025
817,0.0,0.8193224,0.72914124,0.9443008
818,0.0,0.007071194,0.8944504,0.7925352
819,1.0,0.96800226,0.973459,0.4175133
820,0.0,0.3119936,0.112932235,0.9673486
821,1.0,0.9690073,0.95748997,0.9206168
822,0.0,0.98774767,0.4614393,0.9239976
823,0.0,0.055722196,0.7960765,0.9743071
824,0.0,0.14720897,0.07609274,0.8791402
825,0.0,0.8316497,0.18976313,0.8980304
826,0.0,0.027783733,8.43587e-06,0.20634113
827,0.0,0.96481985,0.9195075,0.9588232
828,0.0,0.91315264,0.90342635,0.9740723
829,0.0,0.09450251,0.00011232468,0.8886973
830,0.0,0.79269224,0.9532212,0.893029
831,1.0,0.02365427,0.0043282066,0.74257827
832,0.0,0.0011801235,0.0016087405,0.40283805
833,0.0,0.2758188,0.055956542,0.9692657
834,0.0,0.6509328,0.86463904,0.9470793
835,0.0,0.51425594,0.025323788,0.58725727
836,0.0,0.8940252,0.033084087,0.9201998
837,0.0,0.96654594,0.8461228,0.7943485
838,0.0,0.58743113,0.07448599,0.7778593
839,0.0,0.17361909,0.93382275,0.9056095
840,0.0,0.41847113,0.12401229,0.98047596
841,1.0,0.9157074,0.56178206,0.91851056
842,1.0,0.993676,0.9583443,0.9540228
843,0.0,0.0072754063,0.52488446,0.044067275
844,0.0,0.0011528153,0.001133454,0.30964234
845,0.0,0.14457366,2.8097596e-05,0.3355928
846,1.0,0.8927465,0.0776689,0.9626652
847,0.0,0.05631817,0.0007206111,0.8196317
848,0.0,0.5981719,0.09012614,0.87360567
849,0.0,0.82128537,0.75858176,0.6183852
850,1.0,0.052889835,0.81869924,0.7198888
851,0.0,0.5463789,0.09084613,0.7576074
852,0.0,0.027484845,0.0031343144,0.66186637
853,0.0,0.26842234,6.875712e-06,0.10010688
854,0.0,0.09997339,0.003555782,0.17487821
855,0.0,0.32008028,0.43680868,0.8766143
856,0.0,0.26048043,0.48943108,0.97686905
857,0.0,0.026319647,0.0050356453,0.43046907
858,1.0,0.9631416,0.30795336,0.80267686
859,0.0,0.0049188454,0.043803584,0.20935482
860,1.0,0.94899726,0.77251637,0.892622
861,1.0,0.95158434,0.75126857,0.9855296
862,0.0,0.07401516,0.0067100353,0.70987505
863,0.0,0.5908746,7.953799e-07,0.025358597
864,0.0,0.037946474,0.008839582,0.61440474
865,0.0,0.87519807,0.017226875,0.9688995
866,0.0,0.00479898,0.002462917,0.07861049
867,0.0,0.6144225,0.3225748,0.9092995
868,0.0,0.8297134,0.011319425,0.6728196
869,0.0,0.8243973,0.39040014,0.03214571
870,0.0,0.011558541,0.69620216,0.81000656
871,0.0,0.93690586,0.7499154,0.86525834
872,1.0,0.9981704,0.96297413,0.9848681
873,0.0,0.75036323,0.12655085,0.9966246
874,0.0,0.88219434,0.55316895,0.98587996
875,0.0,0.4305705,0.9657849,0.9841118
876,0.0,0.22694166,0.20184115,0.8930494
877,1.0,0.9734821,0.73911256,0.8586326
878,0.0,0.5894487,0.9774784,0.9886154
879,0.0,0.4577845,0.98733413,0.991033
880,0.0,0.84846294,0.039801307,0.99358314
881,0.0,0.03165728,0.008502124,0.19799504
882,0.0,0.45497105,0.024752777,0.1726641
883,1.0,0.9457768,0.9173632,0.8690259
884,0.0,0.26471725,0.07438044,0.96559316
885,0.0,0.78937966,0.13106361,0.46072435
886,0.0,0.16950063,0.08152915,0.8247092
887,0.0,0.38757953,0.39369342,0.76957554
888,0.0,0.029089384,0.073305,0.98787874
889,0.0,0.8757423,0.020824218,0.053505674
890,0.0,0.97608507,0.910823,0.98824817
891,1.0,0.8441376,0.73099655,0.95646703
892,0.0,0.018277053,0.0012090044,0.71485484
893,0.0,0.78166294,0.931114,0.91217166
894,0.0,0.9789778,0.9418309,0.9605016
895,0.0,0.41196325,0.0010143815,0.9256054
896,1.0,0.22320434,0.0018236673,0.890004
897,0.0,0.1586897,0.66855717,0.94708514
898,0.0,0.00065391994,0.837635,0.9595916
899,0.0,0.031748842,5.216568e-05,0.02721615
900,1.0,0.98162407,0.37597397,0.9314622
901,0.0,0.95410746,0.0011089747,0.25903493
902,0.0,0.34084943,0.19047685,0.47502938
903,0.0,0.00899662,0.7500458,0.8191627
904,0.0,0.9320369,0.0009900447,0.7496598
905,1.0,0.9715407,0.85243154,0.97756577
906,1.0,0.94096214,0.28856793,0.8722568
907,0.0,0.019662607,0.33354715,0.8102953
908,0.0,0.96899176,0.81795007,0.9543127
909,0.0,0.30318955,0.0004901271,0.5090782
910,0.0,0.7095077,0.9444888,0.8791488
911,0.0,0.18452795,0.3333742,0.94711906
912,1.0,0.00054913055,0.1452077,0.6841403
913,0.0,0.38598233,0.29948047,0.90033245
914,0.0,0.08973601,0.26063722,0.10957963
915,0.0,0.4661645,0.001214701,0.8234194
916,0.0,0.7932631,0.0087733595,0.9646864
917,0.0,0.7172038,0.034331307,0.96413887
918,0.0,0.9209904,0.64781076,0.8767174
919,0.0,0.04216283,0.0018795603,0.82283574
920,0.0,0.8096404,0.18809444,0.6360849
921,0.0,0.14215463,0.65020204,0.9979085
922,1.0,0.9622572,0.3990343,0.9907002
923,1.0,0.89778703,0.017851254,0.76301366
924,0.0,0.96738386,0.42552772,0.6432191
925,0.0,0.94728076,0.044797007,0.7378251
926,1.0,0.6972273,0.10310752,0.92141306
927,0.0,0.021839831,0.031657264,0.029569063
928,1.0,0.9663699,0.6469882,0.687718
929,1.0,0.9943973,0.99864227,0.9128315
930,0.0,0.73238736,0.99098843,0.7580957
931,0.0,0.90067947,0.69691765,0.9280961
932,0.0,0.37915275,0.054083057,0.8047958
933,1.0,0.904071,0.012875857,0.97377384
934,0.0,0.99429333,0.9338398,0.9684294
935,0.0,0.74303174,0.17159201,0.9500854
936,0.0,0.10233469,0.86020607,0.278353
937,0.0,0.22009575,0.24660687,0.99288964
938,0.0,0.014786602,0.9368524,0.9958221
939,0.0,0.5262049,0.09304493,0.6888252
940,0.0,0.22162342,0.0007843049,0.700425
941,0.0,0.12484891,0.003321736,0.16035812
942,0.0,0.35219046,0.97537225,0.9901642
943,0.0,0.021772385,7.805282e-06,0.42195117
944,0.0,0.84454334,0.32446456,0.93828213
945,0.0,0.028001308,0.0068738875,0.5801414
946,0.0,0.44860718,0.1272118,0.96794444
947,0.0,0.9867231,0.0003028085,0.1896061
948,0.0,0.9454963,0.098386936,0.89452034
949,1.0,0.9951763,0.7791068,0.9681848
950,1.0,0.8501631,0.39677083,0.9612879
951,0.0,0.9641849,0.99313074,0.9214679
952,0.0,0.0052707004,0.16960034,0.7555844
953,0.0,0.73761594,0.024090895,0.63962954
954,1.0,0.934831,0.18790185,0.9132673
955,1.0,0.8094129,0.721406,0.94633365
956,0.0,0.86444485,0.9775056,0.27032876
957,0.0,0.016591264,0.0001525001,0.017537748
958,1.0,0.916949,0.3202489,0.8754239
959,0.0,0.42175213,0.22705948,0.26018116
960,0.0,0.0018588399,0.00046440863,0.3503565
961,0.0,0.9105283,0.9501127,0.9462709
962,0.0,0.048398282,0.0015863489,0.42860228
963,0.0,0.94884354,0.87269217,0.98042
964,1.0,0.9538947,0.8015342,0.9207285
965,0.0,0.9237094,0.8662836,0.9923976
966,1.0,0.78872716,0.74770117,0.7770188
967,1.0,0.94175327,0.17037572,0.31981918
968,0.0,0.0059226463,0.0043735965,0.1971446
969,0.0,0.94566923,0.9220883,0.8150733
970,0.0,0.0011401887,0.00014859343,0.043618917
971,0.0,0.0035648388,0.115956575,0.3097831
972,1.0,0.97074145,0.54565626,0.21193089
973,0.0,0.18606147,0.30144525,0.98129374
974,0.0,0.009228551,0.06602473,0.77705383
975,0.0,0.018290713,0.004394001,0.71740234
976,0.0,0.0033907595,0.9230449,0.7117561
977,0.0,0.5850668,0.8001037,0.90578526
978,0.0,0.9867982,0.86470884,0.94173837
979,0.0,9.757043e-05,0.86454517,0.99092543
980,0.0,0.06947767,0.086106785,0.532433
981,0.0,0.49035394,0.73571384,0.88525856
982,0.0,0.13477087,0.25715342,0.47409824
983,0.0,0.30799538,0.017898535,0.9792052
984,0.0,0.009888653,0.64962673,0.9669494
985,0.0,0.0063663726,0.43951473,0.99178547
986,0.0,1.8683273e-05,0.98595446,0.97787994
987,0.0,0.16163823,0.5731448,0.9032344
988,0.0,0.21383446,0.000574075,0.64166665
989,0.0,0.6796178,0.23140734,0.99261224
990,0.0,0.6066463,0.014613734,0.3444599
991,1.0,0.89837193,0.0012779185,0.8878924
992,0.0,0.85174906,0.0064969617,0.5116131
993,1.0,0.65543056,0.9145745,0.9743636
994,0.0,0.82801163,0.014964346,0.27257237
995,0.0,0.8080995,0.007615828,0.39417663
996,0.0,0.9310087,0.97923934,0.9895102
997,0.0,0.3770749,0.00054595224,0.18863535
998,0.0,0.03010606,0.084902376,0.90261036
999,1.0,0.8252713,0.109303884,0.37982434
